1,Source Airport,Destination Airport
1,TPA,PNS
1,TPA,TLH
1,TRC,IAH
1,TRN,BRU
1,TSE,ALA
1,TSE,FRA
1,TUL,DEN
1,TUL,EWR
1,TUL,IAD
1,TUL,IAH
1,TUL,ORD
1,TUS,DEN
1,TUS,IAH
1,TUS,LAX
1,TUS,SFO
1,TVC,ORD
1,TYR,IAH
1,TYS,DEN
1,TYS,EWR
1,TYS,IAD
1,TYS,IAH
1,TYS,ORD
1,VER,IAH
1,VIE,DME
1,VIE,EVN
1,VIE,IAD
1,VIE,JFK
1,VIE,LED
1,VIE,ORD
1,VPS,IAH
1,VSA,IAH
1,WRL,CYS
1,XNA,DEN
1,XNA,EWR
1,XNA,IAH
1,XNA,ORD
1,YEG,ORD
1,YEG,SFO
1,YHZ,BOS
1,YHZ,EWR
1,YHZ,ORD
1,YLW,LAX
1,YMM,DEN
1,YOW,BOS
1,YOW,EWR
1,YOW,IAD
1,YOW,LGA
1,YOW,ORD
1,YQB,EWR
1,YQB,ORD
1,YQM,EWR
1,YQR,DEN
1,YQR,ORD
1,YUL,BDL
1,YUL,BOS
1,YUL,DEN
1,YUL,EWR
1,YUL,GVA
1,YUL,IAD
1,YUL,IAH
1,YUL,LAX
1,YUL,LGA
1,YUL,ORD
1,YUL,SFO
1,YUL,YYZ
1,YUM,LAX
1,YVR,EWR
1,YVR,LAX
1,YVR,PDX
1,YVR,SEA
1,YWG,DEN
1,YWG,ORD
1,YXE,DEN
1,YXE,ORD
1,YXU,ORD
1,YYC,PDX
1,YYC,SFO
1,YYJ,SFO
1,YYZ,ATL
1,YYZ,BDL
1,YYZ,BOS
1,YYZ,CLE
1,YYZ,CMH
1,YYZ,DEN
1,YYZ,DFW
1,YYZ,DTW
1,YYZ,EWR
1,YYZ,IAD
1,YYZ,IAH
1,YYZ,LAX
1,YYZ,LGA
1,YYZ,MSP
1,YYZ,MSY
1,YYZ,PHL
1,YYZ,PIT
1,YYZ,SFO
1,YYZ,STL
1,YYZ,YUL
1,ZIH,IAH
1,ZLO,IAH
1,ZRH,BOS
1,ZRH,JFK
1,ZRH,LAX
1,ZRH,MIA
1,ZRH,NBO
1,ZRH,ORD
1,ZRH,SFO
1,BAH,CMB
1,CGK,CMB
1,CMB,BAH
1,CMB,CGK
1,CMB,DAC
1,CMB,IXM
1,CMB,SEZ
1,DAC,CMB
1,IXM,CMB
1,SEZ,CMB
1,BOS,LHR
1,DME,IAH
1,DME,MSQ
1,DME,SIN
1,DME,VIE
1,IAH,DME
1,LAX,LHR
1,LED,MSQ
1,LGW,MCO
1,LHR,BOS
1,LHR,LAX
1,LHR,SFO
1,MCO,LGW
1,MSQ,DME
1,MSQ,LED
1,SFO,LHR
1,SIN,DME
1,VIE,DME
1,ABE,CLT
1,ABE,PHL
1,ABQ,LAX
1,ABQ,PHX
1,ADL,AKL
1,AEX,DFW
1,AGS,CLT
1,AGS,DCA
1,AGU,DFW
1,ALB,PHL
1,AMS,LIS
1,APW,AKL
1,ART,PHL
1,ATL,DFW
1,ATL,MIA
1,ATL,ORD
1,AUS,CLT
1,AVP,PHL
1,AZO,ORD
1,BDL,PIT
1,BFL,PHX
1,BGM,PHL
1,BGR,DCA
1,BGR,PHL
1,BIO,LIS
1,BMI,DFW
1,BMI,ORD
1,BNA,JFK
1,BNE,AKL
1,BOS,BUF
1,BOS,MDT
1,BOS,PIT
1,BOS,RIC
1,BOS,ROC
1,BOS,SYR
1,BRO,DFW
1,BRU,ATH
1,BRU,LIS
1,BUF,BOS
1,BUF,DCA
1,BUF,PHL
1,BUR,PHX
1,BWI,JFK
1,BWI,ORD
1,CAE,CLT
1,CAE,PHL
1,CAK,DCA
1,CDG,ATH
1,CHA,CLT
1,CHA,DCA
1,CHA,ORD
1,CHO,LGA
1,CHO,PHL
1,CHS,DCA
1,CHS,DFW
1,CHS,PHL
1,CID,DFW
1,CID,ORD
1,CLE,JFK
1,CLE,PHL
1,CLT,ABE
1,CLT,AUS
1,CLT,AVL
1,CLT,CAE
1,CLT,CMH
1,CLT,DSM
1,CLT,EWN
1,CLT,FLO
1,CLT,FPO
1,CLT,HHH
1,CLT,HTS
1,CLT,IAD
1,CLT,MGM
1,CLT,MHT
1,CLT,OMA
1,CLT,PNS
1,CLT,SBY
1,CLT,SRQ
1,CLT,YOW
1,CLT,YUL
1,CLT,YYZ
1,CMH,CLT
1,CMH,MIA
1,CMH,PHL
1,CMI,DFW
1,CNS,AKL
1,COU,ORD
1,CUU,DFW
1,CVG,PHL
1,DBQ,ORD
1,DCA,AGS
1,DCA,BGR
1,DCA,BUF
1,DCA,CAE
1,DCA,CHA
1,DCA,CHS
1,DCA,CMH
1,DCA,CRW
1,DCA,DSM
1,DCA,DTW
1,DCA,FAY
1,DCA,GSO
1,DCA,HHH
1,DCA,HSV
1,DCA,ILM
1,DCA,ISP
1,DCA,JAX
1,DCA,LIT
1,DCA,MCI
1,DCA,MHT
1,DCA,MSP
1,DCA,MSY
1,DCA,MYR
1,DCA,OMA
1,DCA,PBI
1,DCA,PIT
1,DCA,PVD
1,DCA,PWM
1,DCA,ROC
1,DCA,RSW
1,DCA,SRQ
1,DCA,STL
1,DCA,SYR
1,DCA,TLH
1,DCA,YHZ
1,DCA,YUL
1,DCA,YYZ
1,DFW,ATL
1,DFW,BMI
1,DFW,BRO
1,DFW,CHS
1,DFW,CID
1,DFW,CMI
1,DFW,CRW
1,DFW,CUU
1,DFW,EVV
1,DFW,FAR
1,DFW,FSD
1,DFW,FWA
1,DFW,GRR
1,DFW,LAX
1,DFW,LRD
1,DFW,MLI
1,DFW,MSY
1,DFW,MZT
1,DFW,PIA
1,DFW,QRO
1,DFW,RAP
1,DFW,SGF
1,DFW,SHV
1,DFW,TLH
1,DFW,ZCL
1,DRO,PHX
1,DSM,CLT
1,DSM,DCA
1,DTW,DCA
1,ELM,PHL
1,ELP,LAX
1,ELP,ORD
1,ELP,PHX
1,ERI,PHL
1,EUG,LAX
1,EVV,DFW
1,EVV,ORD
1,EWN,CLT
1,EWR,LIS
1,EWR,OPO
1,EWR,PHL
1,FAO,LIS
1,FAR,DFW
1,FAR,ORD
1,FAT,LAX
1,FAT,PHX
1,FAY,DCA
1,FCO,ATH
1,FCO,LIS
1,FLG,PHX
1,FLO,CLT
1,FNC,LIS
1,FNT,ORD
1,FPO,CLT
1,FRA,IST
1,FRA,LIS
1,FRA,SKG
1,FSD,DFW
1,FWA,DFW
1,FWA,ORD
1,GCK,DFW
1,GDL,PHX
1,GJT,DFW
1,GJT,PHX
1,GRB,ORD
1,GRR,DFW
1,GRR,ORD
1,GSO,DCA
1,GSO,PHL
1,GSP,PHL
1,GVA,LIS
1,HHH,CLT
1,HHH,DCA
1,HMO,PHX
1,HNL,AKL
1,HNL,ITO
1,HNL,KOA
1,HNL,LIH
1,HNL,OGG
1,HPN,ORD
1,HPN,PHL
1,HSV,ORD
1,HTS,CLT
1,HVN,PHL
1,IAD,IST
1,ICT,ORD
1,ILM,DCA
1,ILM,LGA
1,ILM,PHL
1,IND,ORD
1,IPT,PHL
1,ISP,DCA
1,ISP,PHL
1,IST,FRA
1,IST,IAD
1,IST,JFK
1,IST,LAX
1,IST,MUC
1,IST,ORD
1,IST,ZRH
1,ITH,PHL
1,JAX,DCA
1,JFK,BNA
1,JFK,BWI
1,JFK,CLE
1,JFK,CVG
1,JFK,IST
1,JFK,MCO
1,JFK,PEK
1,JFK,TPA
1,JTR,ATH
1,KOA,HNL
1,LAX,ABQ
1,LAX,AKL
1,LAX,DFW
1,LAX,ELP
1,LAX,EUG
1,LAX,FAT
1,LAX,IST
1,LAX,MRY
1,LAX,OKC
1,LAX,PBI
1,LAX,PEK
1,LAX,RAR
1,LAX,RDM
1,LAX,RNO
1,LAX,SAF
1,LAX,SAN
1,LAX,SMF
1,LAX,XNA
1,LCA,ATH
1,LEX,ORD
1,LGA,CHO
1,LGA,ILM
1,LGA,PIT
1,LGA,RIC
1,LGA,ROA
1,LGA,STL
1,LHR,ATH
1,LHR,LIS
1,LIH,HNL
1,LIS,AMS
1,LIS,BRU
1,LIS,EWR
1,LIS,FAO
1,LIS,FNC
1,LIS,MAD
1,LIS,OPO
1,LIT,DCA
1,LSE,ORD
1,LYH,CLT
1,MAD,LIS
1,MAD,OPO
1,MCI,DCA
1,MCI,PHL
1,MCO,JFK
1,MDT,BOS
1,MDT,ORD
1,MDT,PHL
1,MEL,AKL
1,MGM,CLT
1,MGM,DFW
1,MHT,CLT
1,MIA,ATL
1,MIA,BZE
1,MIA,MSY
1,MIA,STI
1,MIA,UVF
1,MKE,CLT
1,MKE,ORD
1,MKE,PHL
1,MLI,DFW
1,MLI,ORD
1,MQT,ORD
1,MRY,LAX
1,MRY,PHX
1,MSN,ORD
1,MSP,DCA
1,MSY,DFW
1,MSY,MIA
1,MSY,ORD
1,MUC,ATH
1,MUC,IST
1,MUC,LIS
1,MUC,SKG
1,MXP,LIS
1,MYR,DCA
1,MYR,PHL
1,MZT,DFW
1,NAN,AKL
1,OGG,HNL
1,OKC,LAX
1,OMA,CLT
1,OMA,DCA
1,OPO,EWR
1,OPO,LIS
1,OPO,MAD
1,ORD,ABQ
1,ORD,ATL
1,ORD,AZO
1,ORD,BMI
1,ORD,BUF
1,ORD,CHA
1,ORD,CHO
1,ORD,CID
1,ORD,DBQ
1,ORD,DFW
1,ORD,ELP
1,ORD,EVV
1,ORD,FAR
1,ORD,FNT
1,ORD,FWA
1,ORD,GRB
1,ORD,GRR
1,ORD,HPN
1,ORD,ICT
1,ORD,IND
1,ORD,IST
1,ORD,LEX
1,ORD,LSE
1,ORD,MDT
1,ORD,MHK
1,ORD,MKE
1,ORD,MLI
1,ORD,MQT
1,ORD,MSN
1,ORD,MSY
1,ORD,PVR
1,ORD,RST
1,ORD,SAT
1,ORD,SGF
1,ORD,SLC
1,ORD,TUL
1,ORD,TVC
1,PBI,DCA
1,PBI,LAX
1,PEK,JFK
1,PEK,LAX
1,PEK,SFO
1,PER,AKL
1,PHF,PHL
1,PHL,ABE
1,PHL,ALB
1,PHL,ART
1,PHL,AVP
1,PHL,BGM
1,PHL,BGR
1,PHL,BUF
1,PHL,CAE
1,PHL,CHO
1,PHL,CLE
1,PHL,CMH
1,PHL,ELM
1,PHL,ERI
1,PHL,EWR
1,PHL,GSO
1,PHL,GSP
1,PHL,HPN
1,PHL,HVN
1,PHL,ILM
1,PHL,IPT
1,PHL,ISP
1,PHL,ITH
1,PHL,MCI
1,PHL,MDT
1,PHL,MKE
1,PHL,MYR
1,PHL,ORF
1,PHL,PHF
1,PHL,RIC
1,PHL,ROA
1,PHL,ROC
1,PHL,SAV
1,PHL,SBY
1,PHL,SCE
1,PHL,SDF
1,PHL,STL
1,PHL,SWF
1,PHL,SYR
1,PHL,YHZ
1,PHL,YOW
1,PHL,YQB
1,PHL,YUL
1,PHL,YYZ
1,PHX,ABQ
1,PHX,BFL
1,PHX,BUR
1,PHX,DRO
1,PHX,ELP
1,PHX,FAT
1,PHX,FLG
1,PHX,GDL
1,PHX,GJT
1,PHX,HMO
1,PHX,MRY
1,PHX,PSP
1,PHX,SAT
1,PHX,SBA
1,PHX,SBP
1,PHX,TUS
1,PHX,YUM
1,PIA,DFW
1,PIT,BDL
1,PIT,BOS
1,PIT,DCA
1,PIT,LGA
1,PIT,RDU
1,PIT,STL
1,PNS,CLT
1,PSP,PHX
1,PTY,DFW
1,PVD,DCA
1,PVR,ORD
1,QRO,DFW
1,RAP,DFW
1,RAR,AKL
1,RAR,LAX
1,RDM,LAX
1,RDU,PIT
1,RIC,BOS
1,RIC,PHL
1,RNO,LAX
1,ROA,LGA
1,ROA,PHL
1,ROC,BOS
1,ROC,DCA
1,ROC,PHL
1,RST,ORD
1,RSW,DCA
1,RTB,DFW
1,SAF,LAX
1,SAN,LAX
1,SAT,PHX
1,SAV,DCA
1,SAV,PHL
1,SBA,PHX
1,SBP,PHX
1,SBY,CLT
1,SBY,PHL
1,SCE,PHL
1,SDF,PHL
1,SFO,AKL
1,SFO,PEK
1,SGF,DFW
1,SGF,ORD
1,SHV,DFW
1,SJO,DFW
1,SJO,JFK
1,SKG,ATH
1,SKG,MUC
1,SLC,ORD
1,SLP,DFW
1,SMF,LAX
1,SRQ,CLT
1,SRQ,DCA
1,STL,DCA
1,STL,LGA
1,STL,PIT
1,SVQ,LIS
1,SWF,PHL
1,SYD,AKL
1,SYR,BOS
1,SYR,DCA
1,SYR,PHL
1,TLH,DCA
1,TPA,JFK
1,TUS,PHX
1,TVC,ORD
1,UVF,MIA
1,VLC,LIS
1,XNA,LAX
1,YHZ,DCA
1,YHZ,PHL
1,YKF,ORD
1,YOW,CLT
1,YOW,PHL
1,YQB,PHL
1,YUL,CLT
1,YUL,DCA
1,YUL,PHL
1,YUM,PHX
1,YYZ,CLT
1,YYZ,DCA
1,YYZ,PHL
1,ZCL,DFW
1,ZRH,IST
1,ZRH,LIS
1,AGP,SVO
1,BCN,CDG
1,BCN,OTP
1,BIO,CDG
1,CDG,BCN
1,CDG,BIO
1,CDG,GOT
1,CDG,VGO
1,MAD,OTP
1,MAD,SVO
1,MAD,VLC
1,OTP,BCN
1,OTP,MAD
1,SVO,AGP
1,SVO,MAD
1,VGO,CDG
1,VLC,MAD
1,ABX,SYD
1,ADL,AKL
1,ADL,BNE
1,ADL,CBR
1,ADL,MEL
1,ADL,OOL
1,ADL,PER
1,ADL,SIN
1,ADL,SYD
1,AKL,ADL
1,AKL,APW
1,AKL,BNE
1,AKL,CNS
1,AKL,MEL
1,AKL,OOL
1,AKL,PER
1,AKL,RAR
1,AKL,SYD
1,AKL,TBU
1,APW,AKL
1,ATL,CMH
1,ATL,CUN
1,ATL,CZM
1,ATL,IAH
1,ATL,IND
1,ATL,LAX
1,ATL,MEX
1,ATL,MIA
1,ATL,SJD
1,AUH,ISB
1,AUH,LHE
1,AUH,MEL
1,AUH,PEW
1,AUH,SIN
1,AYQ,SYD
1,BNE,ADL
1,BNE,AKL
1,BNE,APW
1,BNE,CBR
1,BNE,CNJ
1,BNE,CNS
1,BNE,DRW
1,BNE,DUD
1,BNE,EMD
1,BNE,HBA
1,BNE,HIR
1,BNE,HTI
1,BNE,ISA
1,BNE,MEL
1,BNE,MKY
1,BNE,NAN
1,BNE,NTL
1,BNE,PER
1,BNE,POM
1,BNE,PPP
1,BNE,PQQ
1,BNE,ROK
1,BNE,SIN
1,BNE,SYD
1,BNE,TSV
1,BNE,VLI
1,BNE,ZQN
1,BNK,SYD
1,CBR,ADL
1,CBR,BNE
1,CBR,MEL
1,CBR,OOL
1,CFS,MEL
1,CFS,SYD
1,CMH,ATL
1,CNJ,BNE
1,CNS,AKL
1,CNS,BNE
1,CNS,MEL
1,CNS,SYD
1,CPT,JNB
1,CUN,ATL
1,CZM,ATL
1,DAD,REP
1,DAD,SIN
1,DPS,PER
1,DPS,SYD
1,DRW,BNE
1,DRW,MEL
1,DRW,PER
1,DRW,SIN
1,DRW,SYD
1,EMD,BNE
1,HBA,BNE
1,HBA,MEL
1,HBA,SYD
1,HIR,BNE
1,HKT,PER
1,HNL,SYD
1,HTI,BNE
1,HTI,SYD
1,HVB,SYD
1,IAH,ATL
1,IND,ATL
1,ISA,BNE
1,ISB,AUH
1,JNB,CPT
1,JNB,SIN
1,KGI,MEL
1,KGI,PER
1,KTA,PER
1,LAX,ATL
1,LAX,MSY
1,LHE,AUH
1,LST,MEL
1,LST,SYD
1,MAN,MUC
1,MCY,MEL
1,MCY,SYD
1,MEL,ADL
1,MEL,AKL
1,MEL,AUH
1,MEL,BNE
1,MEL,CBR
1,MEL,CFS
1,MEL,CNS
1,MEL,DRW
1,MEL,HBA
1,MEL,KGI
1,MEL,LST
1,MEL,MCY
1,MEL,MQL
1,MEL,NAN
1,MEL,NTL
1,MEL,OOL
1,MEL,PER
1,MEL,SIN
1,MEL,SYD
1,MEX,ATL
1,MIA,ATL
1,MKY,BNE
1,MKY,SYD
1,MQL,MEL
1,MSY,LAX
1,MUC,MAN
1,MUC,SIN
1,NAN,BNE
1,NAN,MEL
1,NAN,SYD
1,NTL,BNE
1,NTL,MEL
1,OOL,ADL
1,OOL,AKL
1,OOL,CBR
1,OOL,MEL
1,OOL,SYD
1,PER,ADL
1,PER,AKL
1,PER,BNE
1,PER,DPS
1,PER,DRW
1,PER,HKT
1,PER,KGI
1,PER,KTA
1,PER,MEL
1,PER,PHE
1,PER,SYD
1,PEW,AUH
1,PHE,PER
1,PNH,SIN
1,POM,BNE
1,PPP,BNE
1,PQQ,BNE
1,PQQ,SYD
1,RAR,AKL
1,REP,DAD
1,REP,PNH
1,REP,SIN
1,SIN,ADL
1,SIN,AUH
1,SIN,BNE
1,SIN,DAD
1,SIN,DRW
1,SIN,JNB
1,SIN,MEL
1,SIN,MUC
1,SIN,PER
1,SIN,REP
1,SIN,SYD
1,SJD,ATL
1,SYD,ABX
1,SYD,ADL
1,SYD,AKL
1,SYD,APW
1,SYD,AYQ
1,SYD,BNE
1,SYD,BNK
1,SYD,CFS
1,SYD,CNS
1,SYD,DPS
1,SYD,DRW
1,SYD,HBA
1,SYD,HKG
1,SYD,HNL
1,SYD,HTI
1,SYD,HVB
1,SYD,LST
1,SYD,MCY
1,SYD,MEL
1,SYD,MKY
1,SYD,NAN
1,SYD,OOL
1,SYD,PER
1,SYD,PQQ
1,SYD,SIN
1,SYD,TBU
1,SYD,TSV
1,TBU,AKL
1,TBU,SYD
1,TSV,BNE
1,TSV,SYD
1,VLI,BNE
1,AUH,KUL
1,AUH,SGN
1,BKK,NBO
1,CAH,SGN
1,MNL,SGN
1,NBO,BKK
1,SGN,AUH
1,SGN,CAH
1,SGN,MNL
1,SGN,TBB
1,SGN,VCL
1,SGN,VCS
1,TBB,SGN
1,VCA,VCS
1,VCL,SGN
1,VCS,SGN
1,VCS,VCA
1,ABQ,ATL
1,ABZ,LHR
1,ATL,ABQ
1,ATL,AUS
1,ATL,BHM
1,ATL,BNA
1,ATL,BOS
1,ATL,CHS
1,ATL,CLT
1,ATL,CUN
1,ATL,CVG
1,ATL,DAL
1,ATL,DEN
1,ATL,DFW
1,ATL,DTW
1,ATL,EWR
1,ATL,FLL
1,ATL,GDL
1,ATL,HOU
1,ATL,IAD
1,ATL,IAH
1,ATL,IND
1,ATL,JAX
1,ATL,JFK
1,ATL,LAS
1,ATL,LAX
1,ATL,LHR
1,ATL,MAN
1,ATL,MCI
1,ATL,MCO
1,ATL,MEM
1,ATL,MEX
1,ATL,MIA
1,ATL,MSY
1,ATL,MTY
1,ATL,OKC
1,ATL,ORD
1,ATL,PBI
1,ATL,PHX
1,ATL,PNS
1,ATL,RDU
1,ATL,RSW
1,ATL,SAN
1,ATL,SAT
1,ATL,SAV
1,ATL,SDF
1,ATL,SFO
1,ATL,SJC
1,ATL,SJU
1,ATL,SMF
1,ATL,SRQ
1,ATL,STL
1,ATL,TPA
1,ATL,TUL
1,ATL,TUS
1,AUS,ATL
1,BHM,ATL
1,BNA,ATL
1,BOS,ATL
1,CHS,ATL
1,CLT,ATL
1,CUN,ATL
1,CVG,ATL
1,DAL,ATL
1,DEN,ATL
1,DFW,ATL
1,DTW,ATL
1,EDI,LHR
1,EWR,ATL
1,FLL,ATL
1,GDL,ATL
1,HOU,ATL
1,IAD,ATL
1,IAH,ATL
1,IND,ATL
1,JAX,ATL
1,JFK,ATL
1,JFK,MSY
1,LAS,ATL
1,LAX,ATL
1,LHR,ABZ
1,LHR,ATL
1,LHR,EDI
1,LHR,MAN
1,LHR,PEK
1,LHR,SIN
1,LHR,VKO
1,MAN,ATL
1,MAN,LHR
1,MAN,MUC
1,MCI,ATL
1,MCO,ATL
1,MEM,ATL
1,MEX,ATL
1,MIA,ATL
1,MSY,ATL
1,MSY,DTW
1,MSY,JFK
1,MTY,ATL
1,MUC,MAN
1,MUC,SIN
1,OKC,ATL
1,ORD,ATL
1,PBI,ATL
1,PEK,LHR
1,PHX,ATL
1,PNS,ATL
1,RDU,ATL
1,RSW,ATL
1,SAN,ATL
1,SAT,ATL
1,SAV,ATL
1,SDF,ATL
1,SFO,ATL
1,SIN,LHR
1,SIN,MUC
1,SJU,ATL
1,SMF,ATL
1,SRQ,ATL
1,STL,ATL
1,TPA,ATL
1,TUL,ATL
1,TUS,ATL
1,VKO,LHR
1,ALC,KEF
1,ARN,EBL
1,ARN,EVG
1,ARN,HFS
1,ARN,ISU
1,ARN,KID
1,ARN,MXX
1,CDG,KEF
1,CPH,KEF
1,EBL,ARN
1,EBL,GOT
1,EVG,ARN
1,EVG,MXX
1,GOT,EBL
1,HEL,POR
1,HER,TLL
1,HER,VNO
1,HFS,ARN
1,HFS,TYF
1,ISU,ARN
1,KEF,ALC
1,KEF,CDG
1,KEF,CPH
1,KEF,LGW
1,KEF,SXF
1,KID,ARN
1,LGW,KEF
1,LLA,PJA
1,MXX,ARN
1,MXX,EVG
1,PJA,LLA
1,PJA,TLL
1,POR,HEL
1,RIX,TFS
1,SXF,KEF
1,TFS,RIX
1,TLL,HER
1,TLL,PJA
1,TLL,TYF
1,TLL,URE
1,TYF,HFS
1,TYF,TLL
1,URE,TLL
1,VNO,HER
1,JFK,LOS
1,LHR,LOS
1,LOS,JFK
1,LOS,LHR
1,KGL,BRU
1,ATL,AUA
1,ATL,BDL
1,ATL,CMH
1,ATL,CUN
1,ATL,DAY
1,ATL,DTW
1,ATL,IND
1,ATL,MBJ
1,ATL,MKE
1,ATL,MSP
1,ATL,NAS
1,ATL,OKC
1,ATL,ORF
1,ATL,PIT
1,ATL,PUJ
1,ATL,RDU
1,ATL,RIC
1,AUA,ATL
1,BDL,ATL
1,BOS,CAK
1,CAK,BOS
1,CAK,MCO
1,CAK,TPA
1,CMH,ATL
1,CUN,ATL
1,DAY,ATL
1,DAY,TPA
1,DCA,MKE
1,DCA,RSW
1,DFW,RSW
1,DTW,ATL
1,IND,ATL
1,MBJ,ATL
1,MKE,ATL
1,MKE,DCA
1,MSP,ATL
1,NAS,ATL
1,OKC,ATL
1,ORF,ATL
1,PHL,ATL
1,PIT,ATL
1,PIT,DFW
1,PUJ,ATL
1,RDU,ATL
1,RIC,ATL
1,RSW,DCA
1,TPA,CAK
1,TPA,DAY
1,ATL,JFK
1,ATL,LGA
1,ATL,YYZ
1,CVG,YYZ
1,DFW,YUL
1,DFW,YVR
1,DFW,YYZ
1,DTW,YYZ
1,LAX,YYZ
1,LGA,ATL
1,LGA,MSY
1,LGA,YHZ
1,LGA,YUL
1,MIA,MSY
1,MIA,YUL
1,MIA,YYZ
1,MSP,YUL
1,MSP,YYZ
1,MSY,LGA
1,MSY,MIA
1,ORD,YUL
1,ORD,YYZ
1,YHZ,LGA
1,YUL,DFW
1,YUL,LGA
1,YUL,MIA
1,YUL,MSP
1,YUL,ORD
1,YVR,DFW
1,YYZ,ATL
1,YYZ,CVG
1,YYZ,DFW
1,YYZ,DTW
1,YYZ,LAX
1,YYZ,MIA
1,YYZ,MSP
1,CMB,MLE
1,CMB,SIN
1,MLE,CMB
1,SIN,CMB
1,GYE,MIA
1,MIA,GYE
1,AUH,DMM
1,AUH,JED
1,AUH,MED
1,AUH,RUH
1,DMM,AUH
1,JED,AUH
1,MED,AUH
1,RUH,AUH
1,HME,LGW
1,LGW,HME
1,BUS,DNK
1,DME,DNK
1,DME,UKS
1,DNK,BUS
1,DNK,DME
1,DNK,EVN
1,DNK,IST
1,DNK,KBP
1,DNK,TBS
1,DNK,VIE
1,EVN,DNK
1,IFO,KBP
1,IST,DNK
1,KBP,DNK
1,KBP,IFO
1,KBP,UKS
1,TBS,DNK
1,UKS,DME
1,UKS,KBP
1,VIE,DNK
1,ADD,CAN
1,AKU,CTU
1,BAV,PEK
1,BHY,HGH
1,BHY,PEK
1,BPX,CTU
1,CAN,ADD
1,CAN,CKG
1,CAN,DAX
1,CAN,GYS
1,CAN,HGH
1,CAN,JZH
1,CAN,LZO
1,CAN,NRT
1,CAN,PEK
1,CAN,PVG
1,CAN,SHA
1,CAN,TSN
1,CAN,WXN
1,CAN,YBP
1,CAN,YCU
1,CGO,CTU
1,CGO,HGH
1,CGO,PEK
1,CGO,XNN
1,CGQ,CTU
1,CGQ,INC
1,CGQ,PEK
1,CGQ,TAO
1,CHG,PEK
1,CIF,PEK
1,CIH,CTU
1,CKG,CAN
1,CKG,HGH
1,CKG,HYN
1,CKG,INC
1,CKG,JZH
1,CKG,KMG
1,CKG,LJG
1,CKG,LXA
1,CKG,PEK
1,CKG,SHA
1,CKG,TSN
1,CKG,URC
1,CKG,WNZ
1,CKG,XIY
1,CKG,XMN
1,CKG,YTY
1,CKG,ZUH
1,CSX,CTU
1,CSX,HYN
1,CSX,PEK
1,CSX,TSN
1,CTU,AKU
1,CTU,BPX
1,CTU,CGO
1,CTU,CGQ
1,CTU,CIH
1,CTU,CSX
1,CTU,CZX
1,CTU,DCY
1,CTU,FOC
1,CTU,HAK
1,CTU,HGH
1,CTU,HRB
1,CTU,INC
1,CTU,JZH
1,CTU,KHG
1,CTU,KRL
1,CTU,KWE
1,CTU,KWL
1,CTU,LHW
1,CTU,LJG
1,CTU,LZY
1,CTU,NGB
1,CTU,PZI
1,CTU,SHA
1,CTU,SHE
1,CTU,SWA
1,CTU,SYX
1,CTU,TAO
1,CTU,TNA
1,CTU,TSN
1,CTU,TYN
1,CTU,URC
1,CTU,UYN
1,CTU,WNZ
1,CTU,XIC
1,CTU,XIY
1,CTU,XMN
1,CTU,XNN
1,CTU,YCU
1,CTU,YIN
1,CTU,YIW
1,CTU,YNT
1,CTU,ZHA
1,CTU,ZUH
1,CZX,CTU
1,CZX,PEK
1,DAT,PEK
1,DAX,CAN
1,DAX,KMG
1,DAX,PEK
1,DAX,SZX
1,DCY,CTU
1,DDG,PEK
1,DLC,TYN
1,DQA,PEK
1,DSN,PEK
1,DYG,PEK
1,FOC,CTU
1,FOC,PEK
1,FUG,PEK
1,GYS,CAN
1,GYS,HGH
1,GYS,PEK
1,HAK,CTU
1,HAK,PEK
1,HAK,TSN
1,HET,HGH
1,HET,PEK
1,HET,PVG
1,HGH,BHY
1,HGH,CAN
1,HGH,CGO
1,HGH,CKG
1,HGH,CTU
1,HGH,GYS
1,HGH,HET
1,HGH,INC
1,HGH,KMG
1,HGH,KWL
1,HGH,LHW
1,HGH,LJG
1,HGH,NNG
1,HGH,PEK
1,HGH,TAO
1,HGH,YCU
1,HLD,PEK
1,HLH,PEK
1,HMI,KRL
1,HMI,PEK
1,HRB,CTU
1,HRB,PEK
1,HRB,TNA
1,HRB,TSN
1,HRB,XIY
1,HTN,URC
1,HYN,CKG
1,HYN,CSX
1,HYN,PEK
1,INC,CGQ
1,INC,CKG
1,INC,CTU
1,INC,HGH
1,INC,PEK
1,INC,PVG
1,JDZ,PEK
1,JGS,PEK
1,JHG,KMG
1,JHG,LJG
1,JMU,PEK
1,JZH,CAN
1,JZH,CKG
1,JZH,CTU
1,JZH,PVG
1,KHG,CTU
1,KHG,URC
1,KHN,PEK
1,KMG,DAX
1,KMG,HGH
1,KMG,JHG
1,KMG,LJG
1,KMG,NKG
1,KMG,NNG
1,KMG,PEK
1,KMG,TNA
1,KMG,TSN
1,KMG,WNZ
1,KMG,XIY
1,KMG,XMN
1,KMG,YCU
1,KOW,PEK
1,KRL,CTU
1,KRL,HMI
1,KWE,CTU
1,KWE,PEK
1,KWE,PVG
1,KWE,WNZ
1,KWL,CTU
1,KWL,HGH
1,KWL,PEK
1,KWL,PVG
1,LHW,CTU
1,LHW,HGH
1,LHW,PEK
1,LJG,CKG
1,LJG,CTU
1,LJG,HGH
1,LJG,JHG
1,LJG,KMG
1,LJG,PEK
1,LXA,CKG
1,LXA,PEK
1,LZH,PEK
1,LZO,CAN
1,LZY,CTU
1,MDG,PEK
1,MIG,PEK
1,NDG,PEK
1,NGB,CTU
1,NGB,PEK
1,NKG,KMG
1,NKG,PEK
1,NNG,HGH
1,NNG,KMG
1,NNG,XMN
1,NRT,CAN
1,NRT,XMN
1,NTG,PEK
1,PEK,BAV
1,PEK,BHY
1,PEK,CAN
1,PEK,CGO
1,PEK,CGQ
1,PEK,CHG
1,PEK,CIF
1,PEK,CKG
1,PEK,CSX
1,PEK,CZX
1,PEK,DAT
1,PEK,DAX
1,PEK,DDG
1,PEK,DQA
1,PEK,DSN
1,PEK,DYG
1,PEK,FOC
1,PEK,FUG
1,PEK,GYS
1,PEK,HAK
1,PEK,HET
1,PEK,HGH
1,PEK,HLD
1,PEK,HLH
1,PEK,HMI
1,PEK,HRB
1,PEK,HYN
1,PEK,INC
1,PEK,JDZ
1,PEK,JGS
1,PEK,JMU
1,PEK,KHN
1,PEK,KMG
1,PEK,KOW
1,PEK,KWE
1,PEK,KWL
1,PEK,LHW
1,PEK,LJG
1,PEK,LXA
1,PEK,LZH
1,PEK,MDG
1,PEK,MIG
1,PEK,NDG
1,PEK,NGB
1,PEK,NKG
1,PEK,NTG
1,PEK,RLK
1,PEK,SHA
1,PEK,SHE
1,PEK,SWA
1,PEK,SYX
1,PEK,TAO
1,PEK,TGO
1,PEK,TXN
1,PEK,TYN
1,PEK,URC
1,PEK,WNZ
1,PEK,WUA
1,PEK,XFN
1,PEK,XIL
1,PEK,XIY
1,PEK,XNN
1,PEK,YBP
1,PEK,YCU
1,PEK,YIH
1,PEK,YIW
1,PEK,YNJ
1,PEK,YNT
1,PEK,YNZ
1,PEK,YTY
1,PEK,ZHA
1,PEK,ZUH
1,PEK,ZYI
1,PVG,CAN
1,PVG,HET
1,PVG,INC
1,PVG,JZH
1,PVG,KWE
1,PVG,KWL
1,PVG,WNZ
1,PVG,XIY
1,PZI,CTU
1,RLK,PEK
1,SHA,CAN
1,SHA,CKG
1,SHA,CTU
1,SHA,PEK
1,SHA,TSN
1,SHE,CTU
1,SHE,PEK
1,SWA,CTU
1,SWA,PEK
1,SYX,CTU
1,SYX,PEK
1,SZX,DAX
1,TAO,CGQ
1,TAO,CTU
1,TAO,HGH
1,TAO,PEK
1,TGO,PEK
1,TNA,CTU
1,TNA,HRB
1,TNA,KMG
1,TSN,CAN
1,TSN,CKG
1,TSN,CSX
1,TSN,CTU
1,TSN,HAK
1,TSN,HRB
1,TSN,KMG
1,TSN,SHA
1,TSN,XIY
1,TSN,XMN
1,TSN,YCU
1,TXN,PEK
1,TYN,CTU
1,TYN,DLC
1,TYN,PEK
1,URC,CKG
1,URC,CTU
1,URC,HTN
1,URC,KHG
1,URC,PEK
1,URC,XIY
1,URC,YCU
1,UYN,CTU
1,WNZ,CKG
1,WNZ,CTU
1,WNZ,KMG
1,WNZ,KWE
1,WNZ,PEK
1,WNZ,PVG
1,WNZ,XIY
1,WUA,PEK
1,WUH,YTY
1,WXN,CAN
1,XFN,PEK
1,XIC,CTU
1,XIL,PEK
1,XIY,CKG
1,XIY,CTU
1,XIY,HRB
1,XIY,KMG
1,XIY,KWL
1,XIY,PEK
1,XIY,PVG
1,XIY,TSN
1,XIY,URC
1,XIY,WNZ
1,XMN,CKG
1,XMN,CTU
1,XMN,KMG
1,XMN,NNG
1,XMN,NRT
1,XMN,TSN
1,XNN,CGO
1,XNN,CTU
1,XNN,PEK
1,YBP,CAN
1,YBP,PEK
1,YCU,CAN
1,YCU,CTU
1,YCU,HGH
1,YCU,KMG
1,YCU,PEK
1,YCU,TSN
1,YCU,URC
1,YIH,PEK
1,YIN,CTU
1,YIW,CTU
1,YIW,PEK
1,YNJ,PEK
1,YNT,CTU
1,YNT,PEK
1,YNZ,PEK
1,YTY,CKG
1,YTY,PEK
1,YTY,WUH
1,ZHA,CTU
1,ZHA,PEK
1,ZUH,CKG
1,ZUH,CTU
1,ZUH,PEK
1,ZYI,PEK
