Source Airport,Destination Airport
TPA,PNS
TPA,TLH
TRC,IAH
TRN,BRU
TSE,ALA
TSE,FRA
TUL,DEN
TUL,EWR
TUL,IAD
TUL,IAH
TUL,ORD
TUS,DEN
TUS,IAH
TUS,LAX
TUS,SFO
TVC,ORD
TYR,IAH
TYS,DEN
TYS,EWR
TYS,IAD
TYS,IAH
TYS,ORD
VER,IAH
VIE,DME
VIE,EVN
VIE,IAD
VIE,JFK
VIE,LED
VIE,ORD
VPS,IAH
VSA,IAH
WRL,CYS
XNA,DEN
XNA,EWR
XNA,IAH
XNA,ORD
YEG,ORD
YEG,SFO
YHZ,BOS
YHZ,EWR
YHZ,ORD
YLW,LAX
YMM,DEN
YOW,BOS
YOW,EWR
YOW,IAD
YOW,LGA
YOW,ORD
YQB,EWR
YQB,ORD
YQM,EWR
YQR,DEN
YQR,ORD
YUL,BDL
YUL,BOS
YUL,DEN
YUL,EWR
YUL,GVA
YUL,IAD
YUL,IAH
YUL,LAX
YUL,LGA
YUL,ORD
YUL,SFO
YUL,YYZ
YUM,LAX
YVR,EWR
YVR,LAX
YVR,PDX
YVR,SEA
YWG,DEN
YWG,ORD
YXE,DEN
YXE,ORD
YXU,ORD
YYC,PDX
YYC,SFO
YYJ,SFO
YYZ,ATL
YYZ,BDL
YYZ,BOS
YYZ,CLE
YYZ,CMH
YYZ,DEN
YYZ,DFW
YYZ,DTW
YYZ,EWR
YYZ,IAD
YYZ,IAH
YYZ,LAX
YYZ,LGA
YYZ,MSP
YYZ,MSY
YYZ,PHL
YYZ,PIT
YYZ,SFO
YYZ,STL
YYZ,YUL
ZIH,IAH
ZLO,IAH
ZRH,BOS
ZRH,JFK
ZRH,LAX
ZRH,MIA
ZRH,NBO
ZRH,ORD
ZRH,SFO
BAH,CMB
CGK,CMB
CMB,BAH
CMB,CGK
CMB,DAC
CMB,IXM
CMB,SEZ
DAC,CMB
IXM,CMB
SEZ,CMB
BOS,LHR
DME,IAH
DME,MSQ
DME,SIN
DME,VIE
IAH,DME
LAX,LHR
LED,MSQ
LGW,MCO
LHR,BOS
LHR,LAX
LHR,SFO
MCO,LGW
MSQ,DME
MSQ,LED
SFO,LHR
SIN,DME
VIE,DME
ABE,CLT
ABE,PHL
ABQ,LAX
ABQ,PHX
ADL,AKL
AEX,DFW
AGS,CLT
AGS,DCA
AGU,DFW
ALB,PHL
AMS,LIS
APW,AKL
ART,PHL
ATL,DFW
ATL,MIA
ATL,ORD
AUS,CLT
AVP,PHL
AZO,ORD
BDL,PIT
BFL,PHX
BGM,PHL
BGR,DCA
BGR,PHL
BIO,LIS
BMI,DFW
BMI,ORD
BNA,JFK
BNE,AKL
BOS,BUF
BOS,MDT
BOS,PIT
BOS,RIC
BOS,ROC
BOS,SYR
BRO,DFW
BRU,ATH
BRU,LIS
BUF,BOS
BUF,DCA
BUF,PHL
BUR,PHX
BWI,JFK
BWI,ORD
CAE,CLT
CAE,PHL
CAK,DCA
CDG,ATH
CHA,CLT
CHA,DCA
CHA,ORD
CHO,LGA
CHO,PHL
CHS,DCA
CHS,DFW
CHS,PHL
CID,DFW
CID,ORD
CLE,JFK
CLE,PHL
CLT,ABE
CLT,AUS
CLT,AVL
CLT,CAE
CLT,CMH
CLT,DSM
CLT,EWN
CLT,FLO
CLT,FPO
CLT,HHH
CLT,HTS
CLT,IAD
CLT,MGM
CLT,MHT
CLT,OMA
CLT,PNS
CLT,SBY
CLT,SRQ
CLT,YOW
CLT,YUL
CLT,YYZ
CMH,CLT
CMH,MIA
CMH,PHL
CMI,DFW
CNS,AKL
COU,ORD
CUU,DFW
CVG,PHL
DBQ,ORD
DCA,AGS
DCA,BGR
DCA,BUF
DCA,CAE
DCA,CHA
DCA,CHS
DCA,CMH
DCA,CRW
DCA,DSM
DCA,DTW
DCA,FAY
DCA,GSO
DCA,HHH
DCA,HSV
DCA,ILM
DCA,ISP
DCA,JAX
DCA,LIT
DCA,MCI
DCA,MHT
DCA,MSP
DCA,MSY
DCA,MYR
DCA,OMA
DCA,PBI
DCA,PIT
DCA,PVD
DCA,PWM
DCA,ROC
DCA,RSW
DCA,SRQ
DCA,STL
DCA,SYR
DCA,TLH
DCA,YHZ
DCA,YUL
DCA,YYZ
DFW,ATL
DFW,BMI
DFW,BRO
DFW,CHS
DFW,CID
DFW,CMI
DFW,CRW
DFW,CUU
DFW,EVV
DFW,FAR
DFW,FSD
DFW,FWA
DFW,GRR
DFW,LAX
DFW,LRD
DFW,MLI
DFW,MSY
DFW,MZT
DFW,PIA
DFW,QRO
DFW,RAP
DFW,SGF
DFW,SHV
DFW,TLH
DFW,ZCL
DRO,PHX
DSM,CLT
DSM,DCA
DTW,DCA
ELM,PHL
ELP,LAX
ELP,ORD
ELP,PHX
ERI,PHL
EUG,LAX
EVV,DFW
EVV,ORD
EWN,CLT
EWR,LIS
EWR,OPO
EWR,PHL
FAO,LIS
FAR,DFW
FAR,ORD
FAT,LAX
FAT,PHX
FAY,DCA
FCO,ATH
FCO,LIS
FLG,PHX
FLO,CLT
FNC,LIS
FNT,ORD
FPO,CLT
FRA,IST
FRA,LIS
FRA,SKG
FSD,DFW
FWA,DFW
FWA,ORD
GCK,DFW
GDL,PHX
GJT,DFW
GJT,PHX
GRB,ORD
GRR,DFW
GRR,ORD
GSO,DCA
GSO,PHL
GSP,PHL
GVA,LIS
HHH,CLT
HHH,DCA
HMO,PHX
HNL,AKL
HNL,ITO
HNL,KOA
HNL,LIH
HNL,OGG
HPN,ORD
HPN,PHL
HSV,ORD
HTS,CLT
HVN,PHL
IAD,IST
ICT,ORD
ILM,DCA
ILM,LGA
ILM,PHL
IND,ORD
IPT,PHL
ISP,DCA
ISP,PHL
IST,FRA
IST,IAD
IST,JFK
IST,LAX
IST,MUC
IST,ORD
IST,ZRH
ITH,PHL
JAX,DCA
JFK,BNA
JFK,BWI
JFK,CLE
JFK,CVG
JFK,IST
JFK,MCO
JFK,PEK
JFK,TPA
JTR,ATH
KOA,HNL
LAX,ABQ
LAX,AKL
LAX,DFW
LAX,ELP
LAX,EUG
LAX,FAT
LAX,IST
LAX,MRY
LAX,OKC
LAX,PBI
LAX,PEK
LAX,RAR
LAX,RDM
LAX,RNO
LAX,SAF
LAX,SAN
LAX,SMF
LAX,XNA
LCA,ATH
LEX,ORD
LGA,CHO
LGA,ILM
LGA,PIT
LGA,RIC
LGA,ROA
LGA,STL
LHR,ATH
LHR,LIS
LIH,HNL
LIS,AMS
LIS,BRU
LIS,EWR
LIS,FAO
LIS,FNC
LIS,MAD
LIS,OPO
LIT,DCA
LSE,ORD
LYH,CLT
MAD,LIS
MAD,OPO
MCI,DCA
MCI,PHL
MCO,JFK
MDT,BOS
MDT,ORD
MDT,PHL
MEL,AKL
MGM,CLT
MGM,DFW
MHT,CLT
MIA,ATL
MIA,BZE
MIA,MSY
MIA,STI
MIA,UVF
MKE,CLT
MKE,ORD
MKE,PHL
MLI,DFW
MLI,ORD
MQT,ORD
MRY,LAX
MRY,PHX
MSN,ORD
MSP,DCA
MSY,DFW
MSY,MIA
MSY,ORD
MUC,ATH
MUC,IST
MUC,LIS
MUC,SKG
MXP,LIS
MYR,DCA
MYR,PHL
MZT,DFW
NAN,AKL
OGG,HNL
OKC,LAX
OMA,CLT
OMA,DCA
OPO,EWR
OPO,LIS
OPO,MAD
ORD,ABQ
ORD,ATL
ORD,AZO
ORD,BMI
ORD,BUF
ORD,CHA
ORD,CHO
ORD,CID
ORD,DBQ
ORD,DFW
ORD,ELP
ORD,EVV
ORD,FAR
ORD,FNT
ORD,FWA
ORD,GRB
ORD,GRR
ORD,HPN
ORD,ICT
ORD,IND
ORD,IST
ORD,LEX
ORD,LSE
ORD,MDT
ORD,MHK
ORD,MKE
ORD,MLI
ORD,MQT
ORD,MSN
ORD,MSY
ORD,PVR
ORD,RST
ORD,SAT
ORD,SGF
ORD,SLC
ORD,TUL
ORD,TVC
PBI,DCA
PBI,LAX
PEK,JFK
PEK,LAX
PEK,SFO
PER,AKL
PHF,PHL
PHL,ABE
PHL,ALB
PHL,ART
PHL,AVP
PHL,BGM
PHL,BGR
PHL,BUF
PHL,CAE
PHL,CHO
PHL,CLE
PHL,CMH
PHL,ELM
PHL,ERI
PHL,EWR
PHL,GSO
PHL,GSP
PHL,HPN
PHL,HVN
PHL,ILM
PHL,IPT
PHL,ISP
PHL,ITH
PHL,MCI
PHL,MDT
PHL,MKE
PHL,MYR
PHL,ORF
PHL,PHF
PHL,RIC
PHL,ROA
PHL,ROC
PHL,SAV
PHL,SBY
PHL,SCE
PHL,SDF
PHL,STL
PHL,SWF
PHL,SYR
PHL,YHZ
PHL,YOW
PHL,YQB
PHL,YUL
PHL,YYZ
PHX,ABQ
PHX,BFL
PHX,BUR
PHX,DRO
PHX,ELP
PHX,FAT
PHX,FLG
PHX,GDL
PHX,GJT
PHX,HMO
PHX,MRY
PHX,PSP
PHX,SAT
PHX,SBA
PHX,SBP
PHX,TUS
PHX,YUM
PIA,DFW
PIT,BDL
PIT,BOS
PIT,DCA
PIT,LGA
PIT,RDU
PIT,STL
PNS,CLT
PSP,PHX
PTY,DFW
PVD,DCA
PVR,ORD
QRO,DFW
RAP,DFW
RAR,AKL
RAR,LAX
RDM,LAX
RDU,PIT
RIC,BOS
RIC,PHL
RNO,LAX
ROA,LGA
ROA,PHL
ROC,BOS
ROC,DCA
ROC,PHL
RST,ORD
RSW,DCA
RTB,DFW
SAF,LAX
SAN,LAX
SAT,PHX
SAV,DCA
SAV,PHL
SBA,PHX
SBP,PHX
SBY,CLT
SBY,PHL
SCE,PHL
SDF,PHL
SFO,AKL
SFO,PEK
SGF,DFW
SGF,ORD
SHV,DFW
SJO,DFW
SJO,JFK
SKG,ATH
SKG,MUC
SLC,ORD
SLP,DFW
SMF,LAX
SRQ,CLT
SRQ,DCA
STL,DCA
STL,LGA
STL,PIT
SVQ,LIS
SWF,PHL
SYD,AKL
SYR,BOS
SYR,DCA
SYR,PHL
TLH,DCA
TPA,JFK
TUS,PHX
TVC,ORD
UVF,MIA
VLC,LIS
XNA,LAX
YHZ,DCA
YHZ,PHL
YKF,ORD
YOW,CLT
YOW,PHL
YQB,PHL
YUL,CLT
YUL,DCA
YUL,PHL
YUM,PHX
YYZ,CLT
YYZ,DCA
YYZ,PHL
ZCL,DFW
ZRH,IST
ZRH,LIS
AGP,SVO
BCN,CDG
BCN,OTP
BIO,CDG
CDG,BCN
CDG,BIO
CDG,GOT
CDG,VGO
MAD,OTP
MAD,SVO
MAD,VLC
OTP,BCN
OTP,MAD
SVO,AGP
SVO,MAD
VGO,CDG
VLC,MAD
ABX,SYD
ADL,AKL
ADL,BNE
ADL,CBR
ADL,MEL
ADL,OOL
ADL,PER
ADL,SIN
ADL,SYD
AKL,ADL
AKL,APW
AKL,BNE
AKL,CNS
AKL,MEL
AKL,OOL
AKL,PER
AKL,RAR
AKL,SYD
AKL,TBU
APW,AKL
ATL,CMH
ATL,CUN
ATL,CZM
ATL,IAH
ATL,IND
ATL,LAX
ATL,MEX
ATL,MIA
ATL,SJD
AUH,ISB
AUH,LHE
AUH,MEL
AUH,PEW
AUH,SIN
AYQ,SYD
BNE,ADL
BNE,AKL
BNE,APW
BNE,CBR
BNE,CNJ
BNE,CNS
BNE,DRW
BNE,DUD
BNE,EMD
BNE,HBA
BNE,HIR
BNE,HTI
BNE,ISA
BNE,MEL
BNE,MKY
BNE,NAN
BNE,NTL
BNE,PER
BNE,POM
BNE,PPP
BNE,PQQ
BNE,ROK
BNE,SIN
BNE,SYD
BNE,TSV
BNE,VLI
BNE,ZQN
BNK,SYD
CBR,ADL
CBR,BNE
CBR,MEL
CBR,OOL
CFS,MEL
CFS,SYD
CMH,ATL
CNJ,BNE
CNS,AKL
CNS,BNE
CNS,MEL
CNS,SYD
CPT,JNB
CUN,ATL
CZM,ATL
DAD,REP
DAD,SIN
DPS,PER
DPS,SYD
DRW,BNE
DRW,MEL
DRW,PER
DRW,SIN
DRW,SYD
EMD,BNE
HBA,BNE
HBA,MEL
HBA,SYD
HIR,BNE
HKT,PER
HNL,SYD
HTI,BNE
HTI,SYD
HVB,SYD
IAH,ATL
IND,ATL
ISA,BNE
ISB,AUH
JNB,CPT
JNB,SIN
KGI,MEL
KGI,PER
KTA,PER
LAX,ATL
LAX,MSY
LHE,AUH
LST,MEL
LST,SYD
MAN,MUC
MCY,MEL
MCY,SYD
MEL,ADL
MEL,AKL
MEL,AUH
MEL,BNE
MEL,CBR
MEL,CFS
MEL,CNS
MEL,DRW
MEL,HBA
MEL,KGI
MEL,LST
MEL,MCY
MEL,MQL
MEL,NAN
MEL,NTL
MEL,OOL
MEL,PER
MEL,SIN
MEL,SYD
MEX,ATL
MIA,ATL
MKY,BNE
MKY,SYD
MQL,MEL
MSY,LAX
MUC,MAN
MUC,SIN
NAN,BNE
NAN,MEL
NAN,SYD
NTL,BNE
NTL,MEL
OOL,ADL
OOL,AKL
OOL,CBR
OOL,MEL
OOL,SYD
PER,ADL
PER,AKL
PER,BNE
PER,DPS
PER,DRW
PER,HKT
PER,KGI
PER,KTA
PER,MEL
PER,PHE
PER,SYD
PEW,AUH
PHE,PER
PNH,SIN
POM,BNE
PPP,BNE
PQQ,BNE
PQQ,SYD
RAR,AKL
REP,DAD
REP,PNH
REP,SIN
SIN,ADL
SIN,AUH
SIN,BNE
SIN,DAD
SIN,DRW
SIN,JNB
SIN,MEL
SIN,MUC
SIN,PER
SIN,REP
SIN,SYD
SJD,ATL
SYD,ABX
SYD,ADL
SYD,AKL
SYD,APW
SYD,AYQ
SYD,BNE
SYD,BNK
SYD,CFS
SYD,CNS
SYD,DPS
SYD,DRW
SYD,HBA
SYD,HKG
SYD,HNL
SYD,HTI
SYD,HVB
SYD,LST
SYD,MCY
SYD,MEL
SYD,MKY
SYD,NAN
SYD,OOL
SYD,PER
SYD,PQQ
SYD,SIN
SYD,TBU
SYD,TSV
TBU,AKL
TBU,SYD
TSV,BNE
TSV,SYD
VLI,BNE
AUH,KUL
AUH,SGN
BKK,NBO
CAH,SGN
MNL,SGN
NBO,BKK
SGN,AUH
SGN,CAH
SGN,MNL
SGN,TBB
SGN,VCL
SGN,VCS
TBB,SGN
VCA,VCS
VCL,SGN
VCS,SGN
VCS,VCA
ABQ,ATL
ABZ,LHR
ATL,ABQ
ATL,AUS
ATL,BHM
ATL,BNA
ATL,BOS
ATL,CHS
ATL,CLT
ATL,CUN
ATL,CVG
ATL,DAL
ATL,DEN
ATL,DFW
ATL,DTW
ATL,EWR
ATL,FLL
ATL,GDL
ATL,HOU
ATL,IAD
ATL,IAH
ATL,IND
ATL,JAX
ATL,JFK
ATL,LAS
ATL,LAX
ATL,LHR
ATL,MAN
ATL,MCI
ATL,MCO
ATL,MEM
ATL,MEX
ATL,MIA
ATL,MSY
ATL,MTY
ATL,OKC
ATL,ORD
ATL,PBI
ATL,PHX
ATL,PNS
ATL,RDU
ATL,RSW
ATL,SAN
ATL,SAT
ATL,SAV
ATL,SDF
ATL,SFO
ATL,SJC
ATL,SJU
ATL,SMF
ATL,SRQ
ATL,STL
ATL,TPA
ATL,TUL
ATL,TUS
AUS,ATL
BHM,ATL
BNA,ATL
BOS,ATL
CHS,ATL
CLT,ATL
CUN,ATL
CVG,ATL
DAL,ATL
DEN,ATL
DFW,ATL
DTW,ATL
EDI,LHR
EWR,ATL
FLL,ATL
GDL,ATL
HOU,ATL
IAD,ATL
IAH,ATL
IND,ATL
JAX,ATL
JFK,ATL
JFK,MSY
LAS,ATL
LAX,ATL
LHR,ABZ
LHR,ATL
LHR,EDI
LHR,MAN
LHR,PEK
LHR,SIN
LHR,VKO
MAN,ATL
MAN,LHR
MAN,MUC
MCI,ATL
MCO,ATL
MEM,ATL
MEX,ATL
MIA,ATL
MSY,ATL
MSY,DTW
MSY,JFK
MTY,ATL
MUC,MAN
MUC,SIN
OKC,ATL
ORD,ATL
PBI,ATL
PEK,LHR
PHX,ATL
PNS,ATL
RDU,ATL
RSW,ATL
SAN,ATL
SAT,ATL
SAV,ATL
SDF,ATL
SFO,ATL
SIN,LHR
SIN,MUC
SJU,ATL
SMF,ATL
SRQ,ATL
STL,ATL
TPA,ATL
TUL,ATL
TUS,ATL
VKO,LHR
ALC,KEF
ARN,EBL
ARN,EVG
ARN,HFS
ARN,ISU
ARN,KID
ARN,MXX
CDG,KEF
CPH,KEF
EBL,ARN
EBL,GOT
EVG,ARN
EVG,MXX
GOT,EBL
HEL,POR
HER,TLL
HER,VNO
HFS,ARN
HFS,TYF
ISU,ARN
KEF,ALC
KEF,CDG
KEF,CPH
KEF,LGW
KEF,SXF
KID,ARN
LGW,KEF
LLA,PJA
MXX,ARN
MXX,EVG
PJA,LLA
PJA,TLL
POR,HEL
RIX,TFS
SXF,KEF
TFS,RIX
TLL,HER
TLL,PJA
TLL,TYF
TLL,URE
TYF,HFS
TYF,TLL
URE,TLL
VNO,HER
JFK,LOS
LHR,LOS
LOS,JFK
LOS,LHR
KGL,BRU
ATL,AUA
ATL,BDL
ATL,CMH
ATL,CUN
ATL,DAY
ATL,DTW
ATL,IND
ATL,MBJ
ATL,MKE
ATL,MSP
ATL,NAS
ATL,OKC
ATL,ORF
ATL,PIT
ATL,PUJ
ATL,RDU
ATL,RIC
AUA,ATL
BDL,ATL
BOS,CAK
CAK,BOS
CAK,MCO
CAK,TPA
CMH,ATL
CUN,ATL
DAY,ATL
DAY,TPA
DCA,MKE
DCA,RSW
DFW,RSW
DTW,ATL
IND,ATL
MBJ,ATL
MKE,ATL
MKE,DCA
MSP,ATL
NAS,ATL
OKC,ATL
ORF,ATL
PHL,ATL
PIT,ATL
PIT,DFW
PUJ,ATL
RDU,ATL
RIC,ATL
RSW,DCA
TPA,CAK
TPA,DAY
ATL,JFK
ATL,LGA
ATL,YYZ
CVG,YYZ
DFW,YUL
DFW,YVR
DFW,YYZ
DTW,YYZ
LAX,YYZ
LGA,ATL
LGA,MSY
LGA,YHZ
LGA,YUL
MIA,MSY
MIA,YUL
MIA,YYZ
MSP,YUL
MSP,YYZ
MSY,LGA
MSY,MIA
ORD,YUL
ORD,YYZ
YHZ,LGA
YUL,DFW
YUL,LGA
YUL,MIA
YUL,MSP
YUL,ORD
YVR,DFW
YYZ,ATL
YYZ,CVG
YYZ,DFW
YYZ,DTW
YYZ,LAX
YYZ,MIA
YYZ,MSP
CMB,MLE
CMB,SIN
MLE,CMB
SIN,CMB
GYE,MIA
MIA,GYE
AUH,DMM
AUH,JED
AUH,MED
AUH,RUH
DMM,AUH
JED,AUH
MED,AUH
RUH,AUH
HME,LGW
LGW,HME
BUS,DNK
DME,DNK
DME,UKS
DNK,BUS
DNK,DME
DNK,EVN
DNK,IST
DNK,KBP
DNK,TBS
DNK,VIE
EVN,DNK
IFO,KBP
IST,DNK
KBP,DNK
KBP,IFO
KBP,UKS
TBS,DNK
UKS,DME
UKS,KBP
VIE,DNK
ADD,CAN
AKU,CTU
BAV,PEK
BHY,HGH
BHY,PEK
BPX,CTU
CAN,ADD
CAN,CKG
CAN,DAX
CAN,GYS
CAN,HGH
CAN,JZH
CAN,LZO
CAN,NRT
CAN,PEK
CAN,PVG
CAN,SHA
CAN,TSN
CAN,WXN
CAN,YBP
CAN,YCU
CGO,CTU
CGO,HGH
CGO,PEK
CGO,XNN
CGQ,CTU
CGQ,INC
CGQ,PEK
CGQ,TAO
CHG,PEK
CIF,PEK
CIH,CTU
CKG,CAN
CKG,HGH
CKG,HYN
CKG,INC
CKG,JZH
CKG,KMG
CKG,LJG
CKG,LXA
CKG,PEK
CKG,SHA
CKG,TSN
CKG,URC
CKG,WNZ
CKG,XIY
CKG,XMN
CKG,YTY
CKG,ZUH
CSX,CTU
CSX,HYN
CSX,PEK
CSX,TSN
CTU,AKU
CTU,BPX
CTU,CGO
CTU,CGQ
CTU,CIH
CTU,CSX
CTU,CZX
CTU,DCY
CTU,FOC
CTU,HAK
CTU,HGH
CTU,HRB
CTU,INC
CTU,JZH
CTU,KHG
CTU,KRL
CTU,KWE
CTU,KWL
CTU,LHW
CTU,LJG
CTU,LZY
CTU,NGB
CTU,PZI
CTU,SHA
CTU,SHE
CTU,SWA
CTU,SYX
CTU,TAO
CTU,TNA
CTU,TSN
CTU,TYN
CTU,URC
CTU,UYN
CTU,WNZ
CTU,XIC
CTU,XIY
CTU,XMN
CTU,XNN
CTU,YCU
CTU,YIN
CTU,YIW
CTU,YNT
CTU,ZHA
CTU,ZUH
CZX,CTU
CZX,PEK
DAT,PEK
DAX,CAN
DAX,KMG
DAX,PEK
DAX,SZX
DCY,CTU
DDG,PEK
DLC,TYN
DQA,PEK
DSN,PEK
DYG,PEK
FOC,CTU
FOC,PEK
FUG,PEK
GYS,CAN
GYS,HGH
GYS,PEK
HAK,CTU
HAK,PEK
HAK,TSN
HET,HGH
HET,PEK
HET,PVG
HGH,BHY
HGH,CAN
HGH,CGO
HGH,CKG
HGH,CTU
HGH,GYS
HGH,HET
HGH,INC
HGH,KMG
HGH,KWL
HGH,LHW
HGH,LJG
HGH,NNG
HGH,PEK
HGH,TAO
HGH,YCU
HLD,PEK
HLH,PEK
HMI,KRL
HMI,PEK
HRB,CTU
HRB,PEK
HRB,TNA
HRB,TSN
HRB,XIY
HTN,URC
HYN,CKG
HYN,CSX
HYN,PEK
INC,CGQ
INC,CKG
INC,CTU
INC,HGH
INC,PEK
INC,PVG
JDZ,PEK
JGS,PEK
JHG,KMG
JHG,LJG
JMU,PEK
JZH,CAN
JZH,CKG
JZH,CTU
JZH,PVG
KHG,CTU
KHG,URC
KHN,PEK
KMG,DAX
KMG,HGH
KMG,JHG
KMG,LJG
KMG,NKG
KMG,NNG
KMG,PEK
KMG,TNA
KMG,TSN
KMG,WNZ
KMG,XIY
KMG,XMN
KMG,YCU
KOW,PEK
KRL,CTU
KRL,HMI
KWE,CTU
KWE,PEK
KWE,PVG
KWE,WNZ
KWL,CTU
KWL,HGH
KWL,PEK
KWL,PVG
LHW,CTU
LHW,HGH
LHW,PEK
LJG,CKG
LJG,CTU
LJG,HGH
LJG,JHG
LJG,KMG
LJG,PEK
LXA,CKG
LXA,PEK
LZH,PEK
LZO,CAN
LZY,CTU
MDG,PEK
MIG,PEK
NDG,PEK
NGB,CTU
NGB,PEK
NKG,KMG
NKG,PEK
NNG,HGH
NNG,KMG
NNG,XMN
NRT,CAN
NRT,XMN
NTG,PEK
PEK,BAV
PEK,BHY
PEK,CAN
PEK,CGO
PEK,CGQ
PEK,CHG
PEK,CIF
PEK,CKG
PEK,CSX
PEK,CZX
PEK,DAT
PEK,DAX
PEK,DDG
PEK,DQA
PEK,DSN
PEK,DYG
PEK,FOC
PEK,FUG
PEK,GYS
PEK,HAK
PEK,HET
PEK,HGH
PEK,HLD
PEK,HLH
PEK,HMI
PEK,HRB
PEK,HYN
PEK,INC
PEK,JDZ
PEK,JGS
PEK,JMU
PEK,KHN
PEK,KMG
PEK,KOW
PEK,KWE
PEK,KWL
PEK,LHW
PEK,LJG
PEK,LXA
PEK,LZH
PEK,MDG
PEK,MIG
PEK,NDG
PEK,NGB
PEK,NKG
PEK,NTG
PEK,RLK
PEK,SHA
PEK,SHE
PEK,SWA
PEK,SYX
PEK,TAO
PEK,TGO
PEK,TXN
PEK,TYN
PEK,URC
PEK,WNZ
PEK,WUA
PEK,XFN
PEK,XIL
PEK,XIY
PEK,XNN
PEK,YBP
PEK,YCU
PEK,YIH
PEK,YIW
PEK,YNJ
PEK,YNT
PEK,YNZ
PEK,YTY
PEK,ZHA
PEK,ZUH
PEK,ZYI
PVG,CAN
PVG,HET
PVG,INC
PVG,JZH
PVG,KWE
PVG,KWL
PVG,WNZ
PVG,XIY
PZI,CTU
RLK,PEK
SHA,CAN
SHA,CKG
SHA,CTU
SHA,PEK
SHA,TSN
SHE,CTU
SHE,PEK
SWA,CTU
SWA,PEK
SYX,CTU
SYX,PEK
SZX,DAX
TAO,CGQ
TAO,CTU
TAO,HGH
TAO,PEK
TGO,PEK
TNA,CTU
TNA,HRB
TNA,KMG
TSN,CAN
TSN,CKG
TSN,CSX
TSN,CTU
TSN,HAK
TSN,HRB
TSN,KMG
TSN,SHA
TSN,XIY
TSN,XMN
TSN,YCU
TXN,PEK
TYN,CTU
TYN,DLC
TYN,PEK
URC,CKG
URC,CTU
URC,HTN
URC,KHG
URC,PEK
URC,XIY
URC,YCU
UYN,CTU
WNZ,CKG
WNZ,CTU
WNZ,KMG
WNZ,KWE
WNZ,PEK
WNZ,PVG
WNZ,XIY
WUA,PEK
WUH,YTY
WXN,CAN
XFN,PEK
XIC,CTU
XIL,PEK
XIY,CKG
XIY,CTU
XIY,HRB
XIY,KMG
XIY,KWL
XIY,PEK
XIY,PVG
XIY,TSN
XIY,URC
XIY,WNZ
XMN,CKG
XMN,CTU
XMN,KMG
XMN,NNG
XMN,NRT
XMN,TSN
XNN,CGO
XNN,CTU
XNN,PEK
YBP,CAN
YBP,PEK
YCU,CAN
YCU,CTU
YCU,HGH
YCU,KMG
YCU,PEK
YCU,TSN
YCU,URC
YIH,PEK
YIN,CTU
YIW,CTU
YIW,PEK
YNJ,PEK
YNT,CTU
YNT,PEK
YNZ,PEK
YTY,CKG
YTY,PEK
YTY,WUH
ZHA,CTU
ZHA,PEK
ZUH,CKG
ZUH,CTU
ZUH,PEK
ZYI,PEK
